Player: 	Alts
('GodIMissHer',)	('GodIMissHer',)	('Kasmir',)	('BubbleWrap',)	('Bubblewrap',)
('loaf',)	('loaf',)
('Vivian',)	('22 | BIG SWIFTIE',)	('vivian | gg',)	('gg',)	('Vivian',)	('fem | Vivian',)
('Failbot',)	('Failbot',)	('Rad | Failbot',)
('Lucky',)	('Lucky',)
('Maya',)	('SUPERBIGMARIOFAN',)	('Maya',)	('VENT. INT | Mirai',)	('Mirai',)
('Truth',)	('тяцтн',)	('Maelstrom',)	('Negus (Forma De Fraud)',)	('Abat v2',)	('Resident Fraud',)	('Abat',)	('IKON | Intermediate Crip Walker',)	('Ali Baba and the 40 Hoes',)
('Violet',)	('Hello Kinnie',)	('imranisthebestfr2023',)	('Captain FootballTeam',)	('NotCringeAssNaeNaeBaby',)	('Disco',)	"(""Schrodinger's Catgirl"",)"	('Phantom Thieves',)	('A B C D E H I S',)	('Sean | Jurjester Kaisen',)	('GovernmentFundedBigBird',)	('Oyasumi',)	('Freddie Merry Christmas',)	('Xanakin Highwalker',)	('NieR Guatemala',)	('Solving 9/11',)	('Guapo Gaming',)	('Who2FramedRogerRabbit',)	('Who2FramedRogerRabit',)	('JWong',)	('Milhouse arrest',)	('Kareem eSports | Jeff Falcoworthy',)	('Tekken Chonker',)	('Amelia Eardodge',)	('WhatsApp Ricky',)	('Maspandey',)	('My Neighbor Craig',)	('GOMLa Harris',)	('Dick Saucer',)	('Anakin Skinwalker',)	('Glock in the Toyota',)	"(""Walmarth's Amiibos"",)"	('Naruto Divergent',)	('Billnyethemintyguy',)	('Mid Life Savage',)	('Violet',)	('Mid-Sized Sedan',)	('Ben Divorced',)	('Bernie Sandwiches',)	('George R. R. Binks',)	('Cruel Angel Yeezus',)	('Certified Bitch',)
('Meatflap',)	('Meatflap',)
('Dadzie',)	('Dadzie',)
('Thor',)	('BigOninFan',)	('Thor',)
('Stealth_Pilot',)	('Stealth_Pilot',)
('Hunter',)	('Hunter',)
('Ventura',)	('Kareem Gaming | Ventura',)	('Kareem eSports | Ventura',)	('Ventura',)
('Ehis',)	('Ehis | Ehis',)	('Ehis',)
('thirty4',)	('NVR | Candle',)	('thirty4',)
('Kareem',)	('Average Techbro',)	('My Back Hurts',)	('Kareem eSports | Kareem!',)	('Kareem',)	('IMP | HunnerDollaB',)	('Kendrick Lamario',)	('TheCoolestPersonHere',)	('IKnowWhereULive',)
('Drip',)	('Drip',)
('Mistral',)	('BAD | Mistral',)
('Yungsavage',)	('Yungsavage',)
('sans.',)	('sans.',)	('sans. | sans.',)
('Neet',)	('check ur gmail',)	('cello gaming | Neet',)	('CBT | Neet',)	('Neet',)
('LazyZach',)	('GG | LazyZach',)	('Gummy the Goat | LazyZach',)	('LazyZach',)	('#TransRights | LazyZach',)
('Blaze',)	('Blaze',)	('Pyro Princess',)	('tcmBlazeK',)	('BlazeK114',)
('AllDay',)	('AllDay',)
('Aurokon',)	('G | Degeneroar',)	('Aurokon',)	('G | Aurokon',)
('DatDerpDog',)	('DatDerpDog',)
('Vomit',)	('Vomit',)
('BarbNation',)	('BarbNation',)
('Erin',)	('605 | 分隊 | Erin',)	('605 | Erin',)	('605 | Erik',)
('The Ashen Dragoon',)	"(""The Splashin' Buffoon"",)"	('The Ashen Dragoon',)
('Phantom',)	('Phantom',)
('Chan',)	('Chan',)
('Sean Sorey',)	('Seangregation',)	('Naruto12',)	('Kevin Breastfeeding',)	('Sean Sorey',)
('Llomomo',)	('BTL | Llomomo',)
('Spritemare',)	('Spritemare',)
('Disco',)	('Cringe Ass Nae Nae Baby',)	('Dsco',)	('BLVNTSMVKER9000',)
('Limbo',)	('RNJesus',)	"(""Bing bong it's limbong"",)"	('Hot Anime Mom',)	('BackPain',)	('Limbo',)
('Shrumble',)	('Shrumble',)
('Franzwa',)	('Franzwa',)	('Visitor',)
('ADDICT',)	('<3 | ADDICT',)
('stevenshark',)	('stevenshark',)
('Capital G',)	('Capital G',)	('jimbo',)	('Jimbo',)	('Moist | Jimbo',)
('Faucet',)	('Faucet',)
('Tosty',)	('Tosty',)
('Rush',)	('Eldah | Rush',)	('rush',)	('Rush',)
('awert',)	('awert',)
('spitz',)	('spitz',)
('Jackypoo',)	('The Allegations',)	('Employed Smasher',)	('Jackypoo',)
('Hype2Hard',)	('Hype2Hard',)
('Bubswah',)	('DK | Bubswah',)	('Bubswah',)
('studentX',)	('studentX',)
('bokobo',)	('bokobo',)
('Natchy',)	('Natchy',)
('REAVER',)	('Couragethedawg',)	('REAVER',)	('RAGE',)
('GAY LORD',)	('GAY LORD',)
('Senam',)	('The Brave Little Joester',)	('Kareem Esports | Senam',)	('Kareem Esports | Smilingsalami',)	('Smilingsalami',)	('VENTURA INTL | Senam',)	('Senam',)
('Gummy',)	('GG | Gummy',)	('gummy',)	('Gummy',)
('Haus',)	('Haunted Haus',)	('Haus',)
('HeroAwesome',)	('scoot | Hero',)	('HeroAwesome',)
('MN Aero',)	('Pac | MN Aero',)
('Treyara',)	('GDN | Treyara',)	('Treyara',)
('Raven',)	('TacoGuyy',)
('darkdoger',)	('darkdoger',)
('Maynnaise',)	('Maynnaise',)
('Motionz',)	('Motionz',)
('Eth',)	('Eth',)
('Aura Wolf',)	('Aura Wolf',)
('Cranky',)	('Cranky',)
('MilkTea',)	('MilkTea',)
('Crime Sunday',)	('Dark Krooze',)	('Swaggertron500',)	('Gus',)	('Mark RubiksCubin',)	('Rolo',)
('kogame',)	('GH | | kogame',)
('Bunny5001',)	('Bunny5001',)	('Isaac',)
('Flax',)	('Flax',)
('Fette',)	('Fette',)
('Luma',)	('mok | Luma',)
('Shaeffen',)	('Shaeffen',)
('Kden',)	('Kden',)
('Gwishin',)	('Gwishin',)
('BigJayhawk',)	('BigJayhawk',)
('Pony',)	('Pony',)
('SaintCD',)	('SaintCD',)
('TacTac',)	('TacTac',)
('BIG WILL',)	('A!R | BIG WILL',)	('MADVILLAIN | BIG WILL',)
('VinnyTea',)	('VinnyTea',)	('FS | VinnyTea',)
('Camden',)	('NC-17 | Camden',)
('peparony',)	('OneStudio | peparony',)	('peparony',)
('Chess',)	('BIG DMG | Chess',)
('Carrfam',)	('Carrfam',)
('PinkShirtGuy',)	('BRAVO | PinkShirtGuy',)
('lunchtime',)	('Lunchtime',)	('lunchtime',)	('lunchmeat',)
('WhatsAKingToAGod',)	('WhatsAKingToAGod',)
('Morgan',)	('Morgan',)	('scam',)	('scam likely',)
('A Shape',)	('Shape',)	('A Shape',)
('skippychompy',)	('skippychompy (VDC)',)
('LaFever',)	('LaFever',)
('Rayne!',)	('Rayne!',)	('ROT | Rayne!',)
('Roll',)	('Roll',)
('BIG PHARMA',)	('Big Pharma',)	('BIG PHARMA',)	('PhDpretty',)	('PHDpretty',)
('Pestilence',)	('Pestilence',)
('MintyGuy700',)	('MintyGuy700',)
('SeanVGM',)	('SeanVGM',)
('Razzi',)	('Razzi',)
('Geyser',)	('MTU | Geyser',)	('Geyser',)
"(""Tungsten'"",)"	"(""Tungsten'"",)"
('Fil',)	('Fil',)	('DrFil',)
('RoboPanda',)	('RoboPanda',)
('Mailiam',)	('maiL',)	('Mailiam',)
('FriedBagel',)	('Friedbagel',)	('Fried Bagel',)	('FriedBagel',)
('Kahuza',)	('Kahuza',)
('Zenon',)	('Zenon',)
('SULRoY',)	('SOG | SULRoY',)
('Daxe',)	('Daxe',)
('NAF',)	('NAF',)
('Dole Dips',)	('Piss Gang | Dole Dips',)	('Ram Ranch | Dole Dips',)	('Dole Dips',)	('Dubular | Dole Dips',)
('WEET THINS',)	('TSBM:SOOWANOB-RADVD',)	('WEET THINS',)
('vanbungle',)	('vanbungle',)
('ssjneo',)	('ssjneo',)
('yonuh',)	('yonuh',)
('icymcspicy',)	('icymcspicy',)
('DaneReich',)	('DaneReich',)
('Divine',)	('Divine',)
('A_N',)	('A_N',)
('emtea',)	('Emtea',)	('glasshalfemtea',)	('emtea',)
('a worm',)	('a worm',)
('Quank',)	('quank',)	('Quank',)
('Uckle!',)	('Uckle!',)
('dabe',)	('dabe',)
('Zeboz',)	('Xanakin Highwalker',)	('Zeboz',)
('Kelkador',)	('Kelkador',)
('CrowZ',)	('CrowZ',)
('Legit',)	('Legit',)
('WalMarth',)	('C2O | WalMarth',)	('WalMarth',)
('Jaaahsh',)	('Panda | Jaaahsh',)
('Reverbo',)	('Reverbo',)
('ori0n',)	('ori0n',)
('TRAIN',)	('TRAIN',)
('trapgum',)	('trapgum',)
('Kingdra',)	('KPG | Kingdra',)
('Privé',)	('Privé',)
('TheVP',)	('TheVP',)	('A | TheVP',)
('Clifford',)	('Clifford',)
('JohnnyJah',)	('JohnnyJah',)
('Dab Pen',)	('TSM | Dab Pen',)
('Sanguine',)	('Sanguine',)
('Daddy Dan',)	('FItWeBall | Daddy Dravus',)	('Daddy Dan',)
('//JumpMan//',)	('//JumpMan//',)
('Gains',)	('Gains',)
('ian (Witry)',)	('ian',)
('Juggz',)	('Juggz',)	('CSP | Juggz',)
('Hunna',)	('Hunna',)
('lumenessence',)	('lumenessence',)
('Jbrav',)	('Jbrav',)
('Typho',)	('Typho',)
('Pignite',)	('Pignite',)
('RocketX1',)	('RocketX1',)
('Ragnarok',)	('Ragnarok',)	('CHrider',)	('CH Rider',)	('CH_Rider',)
('Nooper',)	('Nooper',)
('CmB',)	('CmB',)
('Boolahan',)	('Boolahan',)
('lotuskosal',)	('lotuskosal',)	('jewker',)
('Chozen!',)	('Chozen!',)
('Crescent16',)	('Aegis | Crescent16',)
('A_bob ross',)	('TA | A_bob ross',)
('Abnormal',)	('M | Abnormal',)
('trippybutter',)	('trippybutter',)
('OzMockman',)	('OzMockman',)
('Vetta',)	('Vetta',)
('Myewps',)	('Myewps',)
('Wilk',)	('MSP | StonedFurby',)	('CF | Wilk',)
('kurisu',)	('kurisu',)
('Hollywood',)	('Hollywood',)
('JStrudel',)	('Juniper',)	('Jade',)	('JStrudel',)
('Jake Fox',)	('Jake Fox',)
('XX17',)	('Dervid Gaming | i pooped my pants',)	('Dervid Gaming | schmovinCLOUD3000v2',)	('v4 | XX17',)	('XX17',)
('mitskileaks',)	('mitskileaks',)	('Sabs',)
('señorguava',)	('señorguava',)
('Alphamew',)	('Alphamew',)
('Zulo',)	('Zulo',)
('Runa',)	('Runa',)
('Gamespeer',)	('GameSpeer',)	('Quandale_Dingle',)
('Arcato',)	('Arcato',)
('DNA',)	('BIG DMG | DNA',)
('Winro',)	('Winro',)	('AURA | Winro',)
('Kaden',)	('Flyte | Kaden',)
('Tapeworm',)	('Tapeworm',)
('Zigglet',)	('Zigglet',)
('ElectricMuffin',)	('ElectricMuffin',)	('Ai Ohto | ElectricMuffin',)	('UMN | ElectricMuffin',)
('Jaycooh',)	('Jaycooh',)
('D34D_M4N14C',)	('D34D_M4N14C',)
('dabberoni',)	('dabberoni',)
('Jslat',)	('Jslat',)
('LILSB',)	('FV | LILSB',)
('MN Strider',)	('MN Strider',)
('geeb',)	('geeb',)	('goatboy',)
('CoeZ',)	('CoeZ',)
('GreatDaneGamer',)	('GreatDaneGaner',)	('GDG',)	('GreatDaneGamer',)
('PJ',)	('Moist | PJ',)	('Moist | KILLER B',)
('GE3SEU',)	('Triumph | GE3SEU',)	('Triumph | Masta Geese',)	('TR | Masta Geese',)
('Gay Plant',)	('BigOninFanFan | Gay Plant',)	('Gay Plant',)
('TG_Link',)	('TG_Link',)
('Storm',)	('CSP | Storm',)
('Qwuartz',)	('Qwuartz',)
('Wagon',)	('Wagon',)	('Zzz | Wagon',)
('Jerm',)	('Jerm',)
('Spooky',)	('BIC | Spooky',)
('Yowchie',)	('Yowchie',)	('Yowchie 2',)
('Captain Jett',)	('Captain Jett',)
('Floop',)	('Floop',)
('Vortex',)	('Vortex',)
('magnum_mon',)	('magnum_mon',)
('Hammy',)	('Hammy',)
('ZR',)	('GCSC | ZR',)
('Childish',)	('yo | Childish',)	('dw/me | Childish',)
('MTroll',)	('MTroll',)	('Monkey',)
('KittyKrisps',)	('KittyKrisps',)
('Bread (Saint Cloud)',)	('Bread (Saint Cloud)',)	('Bread',)
('HunnerDollaB',)	('IMP | HunnerDollaB',)
('Vision',)	('Vision',)
('Little McGlitch',)	('Little mcglitch',)	('Little Mcglitch',)	('Little McGlitch',)
('NIKANA',)	('NIKANA',)
('The Football',)	('The Numbers',)	('The | Football',)
('Lupe',)	('lupe',)	('Lupe',)
('Buster',)	('Buster',)
('Mime',)	('Mime',)
('sinnyboo242',)	('NA | sinnyboo242',)
('Bingus',)	('BeanyWeenieBingus',)	('WRS | Bingus',)	('Bingus',)
('M0ns00n',)	('M0ns00n',)
('CrystlMath',)	('CrystlMath',)	('CoolMathGames | CrystlMath',)
('BrokenSol',)	('BrokenSol',)
('Bradyboo',)	('Bradyboo',)
('Toastfish',)	('Toastfish',)
('CaptainEnder401',)	('CaptainEnder401',)
('PackJendleton',)	('PackJendleton',)	('Ninten',)
('ChuckNDuck',)	('RHS | ChuckNDuck',)
('Kronk',)	('Kronk | Kronk',)
('Auxillary',)	('NULL | Auxillary',)	('Auxillary',)
('Skyfox',)	('Skyfox',)
('JustHANO',)	('JustHANO',)
('Nizmo',)	('Nizmo',)
('Deus',)	('deus amare',)	('dayas',)
('JKDhero',)	('JKDhero',)
('Kobazco',)	('15SA | Kobazco',)
('Shasta',)	('Shasta',)
('Jace',)	('BRAVO | Jace',)
('Libero',)	('Libero',)
('Eddie',)	('Eddie',)
('Nuoc Soi',)	('Nuoc Soi',)
('JKL623',)	('JKL623',)
('Phwii',)	('Phwii',)
('DarkIceDojo',)	('GRU | DarkIceDojo',)
('Zaech',)	('Zaech',)
('Phrog',)	('Phrog',)	('ThatFrog',)
('Clavual',)	('Clavual',)
('Camus',)	('Camus',)
('Dragonbeast',)	('BL | Dragonbeast',)
('McNutty',)	('<3 JBONE | McNutty',)
('bang',)	('bang',)
('Bkay',)	('Bkay',)
('Royal',)	('Royal',)
('Salad',)	('salad',)	('Salad',)
('Phoenix',)	('Phoenix',)	('phoenix',)
('Scuderia',)	('Scuderia',)
('Kaiju',)	('Kaiju',)
('Alm#0420',)	('Alm#0420',)
('DeathMelon',)	('DeathMelon',)
('Jobin',)	('Jobin',)
('grant',)	('Grant',)	('grant',)
('Gilgamesh',)	('WPB | Gilgamesh',)	('Gilgamesh',)
('blackwolf',)	('blackwolf',)	('BlackWolf',)
('John3:16',)	('MGC | John3:16',)	('MNT | John3:16',)	('TJU | John3:16',)
('Rival',)	('Rival',)
('Pyroco',)	('Pyroco',)
('Bungy',)	('Bungy',)
('Verse',)	('Verse',)
('Esper',)	('Esper',)
('TigerNope',)	('TigerNope',)
('Segastar',)	('Segastar',)
('DykeLord',)	('DykeLord',)
('Eagle',)	('Eagle',)
('Leon',)	('leon',)	('Leon',)
('Alterchemist',)	('Alterchemist',)
('Beetle',)	('Beetle',)
('Hellfire',)	('Hellfire',)
('Mama',)	('Mama',)
('Openmindedness1',)	('Openmindedness1',)
('Jackie Peanuts',)	('Jackie Peanuts',)
('ms.birb',)	('ms.birb',)
('wish',)	('wish',)
('Ms.woMAN',)	('Ms.woMAN',)
('Odinson',)	('Thor | Odinson',)	('Odinson',)
('Lavender',)	('LB | Lavender',)
('Krilp',)	('MNVL | Krilp',)
('Airpog!',)	('Airpog!',)
('King L',)	('King L',)
('Vandio',)	('FSU | Vandio',)
('data',)	('Data',)
('Novled_',)	('Novled_',)
('metalforfish',)	('metalforfish',)
('beanboy',)	('beanboi',)	('beanboy',)
('FalconPunch25',)	('FalconPunch25',)
('Zfump',)	('Zfump',)
('NARD',)	('NARD',)
('HurryCaine',)	('HurryCaine',)
('Splarff',)	('Splarff',)
('inmybasement4ever',)	('inmybasement4ever',)
('Gigs',)	('Gigs',)
('Pankate',)	('Kareem Gaming | Pankate',)	('Pankate',)
('aidan',)	('aidan',)
('monkeymandave',)	('monkeymandave',)
('GLLY',)	('GLLY',)
('Skorpio',)	('Dunga',)
('Invader_Palito',)	('Invader_Palito',)
('turbine',)	('turbine',)
('ChangCow',)	('ChangCow',)
('Rusty',)	('Rusty',)
('BrickBrain',)	('Brickbrain',)	('BrickBrain',)
('Thatone meme',)	('Thatone meme',)
('Vicious',)	('Vicious',)
('Beatle',)	('Beatle',)	('Beeetle',)
('Calvin',)	('Calvin',)
('Delectron',)	('Delectron',)
('SirPro',)	('SirPro',)
('Zurvan',)	('Zurvan',)
('Icloudrocky',)	('F0 | Icloudrocky',)
('Shinuzi',)	('Shinuzi',)
('DextheRex',)	('D-recks',)	('DextheRex',)
('Shrub',)	('Shrub',)
('Dawsboss28',)	('Dawsboss28',)
('LeScrubLife',)	('LeScrubLife',)
('KQNK',)	('KQNK',)
('The Poop Lord',)	('The Poop Lord',)
('Flom',)	('Flom',)
('Joe Mama',)	('Joe Mama',)
('Generic',)	('POOP | Generic',)
('FlameHorizon',)	('FlameHorizon',)
('八',)	('Hachi',)
('woahkeny',)	('BZ| FS | woahkeny',)
('Rock',)	('Rock',)	('DK Freeze | Rock',)
('JadeBlade',)	('SMD | JadeBlade',)
('LumbieUwU',)	('LumbieUwU',)
('DREWGANGOD',)	('Big Dmg | DREWGANGGOD',)
('Pepsi',)	('Pepsi',)
('Con',)	('Con',)
('Honeysmoo',)	('Honeysmoo',)
('Dekiller',)	('PHD | Dekiller',)	('Dekiller',)
('PHD Juice',)	('PHD Juice',)
('Cribdoc',)	('Cribdoc',)
('quo',)	('OTL | quo',)
('El Pedro',)	('v4 | El Pedro',)
('Effect',)	('BSU | Effect',)	('Effect',)
('Reptiie',)	('BB | Reptiie',)
('Moon',)	('Moon',)
('Naustad',)	('Naustad',)
('Sugondeese',)	('Sugondeese',)
('Yuba',)	('Yuba',)
('SPIKE!',)	('SPIKE!',)
('Ronin',)	('Ronin',)
('stone',)	('stone',)
('Chunkysauce',)	('Chunkysauce',)
('Supper',)	('Supper',)
('Bayless',)	('Bayless',)
('Spankr',)	('FAT | Spankr',)
('CdTug',)	('CDTUG',)	('CdTug',)
('soulrack',)	('Soulrack',)
('Psyoh',)	('Psyoh',)
('DM',)	('DM',)
('AceGriddles',)	('AceGriddles',)
('Snugs',)	('Snugs',)
('Scrub',)	('Scrub',)
('Flow',)	('Flow',)
('spiNR',)	('spiNR',)
('seepy',)	('seepy',)
('Stringz',)	('Stringz',)
('Greg',)	('Greg',)
('Chameleon',)	('chameleon',)	('Chameleon',)
('RisingWalsh',)	('RisingWalsh',)
('emensti',)	('emensti',)
('thrill',)	('thrill',)
('Jericho',)	('Jericho',)
('Mac_McBride',)	('Mac_McBride',)
('Young Night Train',)	('SDC | Young Night Train',)
('Aerial',)	('Aerial',)
('Da Chop',)	('Da Chop',)
('MrDudeIII',)	('MrDudeIII',)
('BMillion',)	('BMillion',)
('Dravus',)	('Dravus',)
('Ninten',)	('lotuskosal',)	('Ninten',)
('IvUsaur',)	('IvUsaur',)
('Ian',)	('Ian',)
('DatsDavisss',)	('DatsDavisss',)
('munch glue',)	('IEatGlue',)	('munch glue',)
('mahdi',)	('mahdi',)
('TesraKumo',)	('TesraKumo',)
('Evil doer',)	('evildoer',)	('Evil doer',)
('math',)	('math',)
('2D',)	('2D',)
('DefectoAce',)	('DefectoAce',)
('GMT',)	('GMT',)
('Rivkalia',)	('Rivkalia',)
('Jard',)	('Jard',)
('SWAG',)	('Swag',)
('LiquidCake',)	('Lcake | LiquidCake',)
('Spagon',)	('Spagon',)
('Kumis',)	('Kumis',)
('Nanukka',)	('Nanukka',)
('Deez',)	('Deez',)
('Knuckle Sandwich',)	('Knuckle Sandwich',)
('AnimeniacJD',)	('AnimeniacJD',)
('Flats',)	('FN | Flats',)
('Royal (Melee)',)	('Royal',)
('Flinzul',)	('THB | Flinzul',)
('Pickl',)	('Pickl',)
('Retro',)	('Retro',)
('Rexdamage',)	('Rexdamage',)
('ep',)	('ep',)
('Zetnea',)	('GDS | Zetnea',)
('CJApplegate',)	('CJApplegate',)
('Ben10',)	('Ben10',)
('chock',)	('chock',)
('Pktired',)	('Pktired',)
('TanMan',)	('TanMan',)
('vergil4dlc',)	('vergil4dlc',)
('Juraf',)	('Juraf',)
('lolstreet',)	('lolstreet',)
('mugfase',)	('mugfase',)
('IciclePop0K',)	('IciclePop0K',)
('XM',)	('SG | XM',)
('Sham!',)	('Sham!',)
('Zeldris',)	('LG Zeldris | Zeldris',)
('PickNick',)	('PickNick',)
('Owl',)	('Owl',)
('Cheezy',)	('Cheezy',)
('Curly',)	('Curly',)
('Monke',)	('POOP | Monke',)
('Mr.Cookie',)	('POOP | Mr.Cookie',)
('Vertiar',)	('Vertiar',)
('Candyball Bill',)	('Candyball Bill',)
('Abdul',)	('Abdul',)
('DoorJam',)	('DoorJam',)
('dat',)	('dat',)
('DommyMommy12',)	('DommyMommy12',)
('IDD',)	('IDD',)
('ThatManWithAFace',)	('ThatManWithAFace',)
('leaf',)	('leaf',)
('Husker',)	('Husker',)
('Reset',)	('Reset',)
('wastevtime',)	('wastevtime',)
('RetroChris64',)	('RetroChris64',)
('Spiker',)	('Spiker',)
('Carl-Toast',)	('Carl-Toast',)
('DiscoBoat',)	('DiscoBoat',)
('Me',)	('Me',)
('Jiggles',)	('Jiggles',)
('Schnapps',)	('Schnapps',)
('Gord',)	('Gord',)
('Yugur',)	('Yugur',)
('- K/NG -',)	('- K/NG -',)
('.k',)	('.k',)
('Clubman',)	('Clubman',)
('Hi-Score Henry',)	('Hi-Score Henry',)
('JFee0003',)	('JFee0003',)
('kredillion',)	('kredillion',)
('Soupgaming23',)	('Soupgaming23',)
('Love',)	('Love',)
('ChillingWok',)	('Will',)
('Tekk',)	('Tekk',)
('Ryan Rush',)	('Ryan Rush',)
('TrigDaddy',)	('Trig Daddy',)
('Levin',)	('VIBE | Levin',)
('Ark',)	('Ark',)
('Fblthp',)	('Fblthp',)
('TheWeldo',)	('TheWeldo',)
('Zimri',)	('Zimri',)
('teakay',)	('teakay',)
('Astral',)	('Astral',)
('cage',)	('cage',)
('ShadowHunter77',)	('ShadowHunter77',)
('wee',)	('Chan',)
('GATTI SINCLAIR',)	('GATTI SINCLAIR',)
('Superjack900',)	('Superjack900',)
('Blaughable',)	('Blaughable',)
('blrasmu',)	('Blake | blrasmu',)
('Coolbeans',)	('Coolbeans',)
('Trickster',)	('Trickster',)
('14',)	('14',)
('E1ghtPack',)	('E1ghtPack',)
('Drewbacca',)	('Drewbaca',)
('Fishbowl',)	('Fishbowl',)
('Grady',)	('Gwady',)
('Sor',)	('Sor',)
('Burtn',)	('Burtn',)
('Izee',)	('Izee',)
('Mostache',)	('Mostache',)
('LemonLime',)	('LemonLime',)
('Matmos',)	('Matmos',)
('WavyJ',)	('WavyJ',)
('Wes',)	('Wes',)
('Big Koocher',)	('Big Koocher',)
('Greta',)	('Greta',)
('Smasher',)	('Smasher',)
('Joyboy',)	('Joyboy',)
('1-800-BELL',)	('1-800-BELL',)
('Bread (Bemidji)',)	('Bread (Bemidji)',)
('Grem',)	('Grem',)
('Llama',)	('Llama',)
('SOGMonkey',)	('MNG | FSG | SOGMonkey',)
('Nuclear',)	('Nuclear',)
('Overlord_K',)	('Overlord_K',)
('C_Pap',)	('POOP | C_Pap',)
('duck',)	('POOP | duck',)
('Squilly',)	('POOP | Squilly',)
('Seeker259',)	('Seeker259',)
('Snail',)	('Snail',)
('The Legend',)	('The Legend',)
('Dip',)	('Dip',)
('eyesac',)	('Eyesac',)
('FED',)	('FED',)
('G0hji',)	('G0hji',)
('Lack of Thumbs',)	('Lack of Thumbs',)
('Palito',)	('Palito',)
('Snip',)	('Snip',)
('Mello',)	('Mello',)
('KennyC',)	('TYC | KennyC',)
('Captain GOON',)	('Captain GOON',)
('Cloudpik',)	('Cloudpik',)
('Drale',)	('Drale',)
('RageQuitMay28th',)	('RageQuitMay28th',)
('D35PAC10',)	('D35PAC10',)
('Dinnersaurs',)	('Dinnersaurs',)
('IntrinSICK',)	('IntrinSICK',)
('jewelz',)	('jewelz',)
('noha',)	('noha',)
('Lucasooo',)	('The Hesh.com | Lucasooo',)
('Tobyturtles',)	('The hesh.com | Tobyturtles',)
('GamesWithBob',)	('Bob',)
('Buwaud',)	('Buwaud',)
('CD',)	('CD',)
('Cheeto',)	('Cheeto',)
('ETossed',)	('ETFF | ETossed',)
('GinroDino',)	('GinroDino',)
('HYPERS',)	('HYPERS',)
('JacobMak',)	('JacobMak',)
('Jibca',)	('Jibca',)
('Lamonster',)	('Lamonster',)
('MacSlaya',)	('MacSlaya',)
('m_kao',)	('m_kao',)
('Nav',)	('Nav',)
('Preeminent',)	('Preeminent',)
('FuddleCísh',)	('Señor | FuddleCísh',)
('Starmfruit',)	('Starmfruit',)
('Thom',)	('Thom',)
('Jaxtaxman',)	('UARK | Jaxtaxman',)
('BetaGachaGamer',)	('BetaGachaGamer',)
('Merge-up',)	('Merge-up',)
('Varroa',)	('Varroa',)
('Watermeloan',)	('Watermeloan',)
('Goomba',)	('Goomba',)
('Lacoixboi',)	('Lacoixboi',)
('Ray',)	('Ray',)
('Smoke',)	('Smoke',)
('Altaria',)	('Altaria',)
('Izzy',)	('Izzy',)
('Funky Junky',)	('Funky Junky',)
('macNg',)	('macNg',)
('momluvr69',)	('momluvr69',)
('MrCrocMan',)	('MrCrocMan',)
('Wayne',)	('Wayne',)
('Riko',)	('iQ | Riko',)
('Steven',)	('MBS | Steven',)
('Rox',)	('Rox',)
('ViolinGamer',)	('Violin',)
('Cap',)	('Fellas | Cap',)
('Physics',)	('Physics',)
('BTBrawler',)	('BTBrawler',)
('JinWoo',)	('JinWoo',)
('Anas',)	('Phd | Anas',)
('ShuffleDuck',)	('ShuffleDuck',)
('mrboi',)	('mrboi',)
('Plaph',)	('Plaph',)
('Wafflemage',)	('Wafflemage',)
('Camping',)	('Camping',)
('grinch',)	('grinch',)
('Wonderllama',)	('Wonderllama',)
('Potica',)	('Fortnite_Bootyballs',)
('BKQ',)	('BKQ',)
('DiabloPabloSan',)	('DiabloPabloSan',)
('KamiKa2e',)	('KamiKa2e',)
('mike',)	('mike',)
('sink',)	('sink',)
('Clover',)	('Clover',)
('DR3ADZ',)	('CRIT | DR3ADZ',)
('juku',)	"(""D'Z | juku"",)"
('Pistolet',)	('DN | Pistolet',)
('Galaxxyss',)	('Galaxxyss',)
('Grain',)	('Grain',)
('HatGuy',)	('HatGuy',)
('Isaac (Mankato)',)	('Isaac',)
('OnTheDownBeat',)	('OnTheDownBeat',)
('Travnks',)	('Travnks',)
('VoidOfRoses',)	('VoidOfRoses',)
('Xtornado',)	('Xtornado',)
('AstraFry',)	('AstraFry',)
('Merten',)	('Merten',)
('Hennu_TRM',)	('Hennu_TRM',)
('SirSilky',)	('SirSilky',)
('Skaothi',)	('Skaothi',)
('GroeneVis',)	('GroeneVis',)
('leviathan',)	('leviathan',)
('DireWolf',)	('DireWolf',)
('DmMeUrFeet',)	('DmMeUrFeet',)
('Fyre',)	('Fyre',)
('GumpTheDump',)	('GumpTheDump',)
('Prongs',)	('Prongs',)
('HaroonChan',)	('HaroonChan',)
('Chicken Nuggets',)	('Chicken Nuggets',)
('Familiar_Nobody',)	('Familiar_Nobody',)
('pikúshu',)	('420 | pikúshu',)
('cd2000',)	('cd2000',)
('ceedyiris',)	('ceedyiris',)
('DudeBro',)	('DudeBro',)
('NekoKai',)	('NekoKai',)
('McClane',)	('McClane',)
('Rognan',)	('Rognan',)
('Smitty',)	('Smitty',)
('Zarg0n',)	('Zarg0n',)
('zwags',)	('zwags',)
('autumn!',)	('autumn!',)
('Boníek',)	('Boníek',)
('SWIM',)	('SWIM',)
('Chucknugget20',)	('Chucknugget20',)
('GoGo101',)	('Foley | GoGo101',)
('JonsTheWizard',)	('JonsTheWizard',)
('Shadmaster',)	('Shadmaster',)
('Toast (Adept)',)	('Toast (Adept)',)
('King k cruel',)	('TRHS | King k cruel',)
('VelvetyJack1',)	('VelvetyJack1',)
('WalkerSlayer',)	('WalkerSlayer',)
('Huski',)	('Huski',)
('Saweatie',)	('Saweatie',)
('shayesy',)	('shayesy',)
('Trianull',)	('Trianull',)
('Toasty',)	('Toasty',)
('umfinna',)	('umfinna',)
('JetRed',)	('JetRed',)
('Slayer',)	('Slayer',)
('Chance Wyatt',)	('Chance Wyatt',)
('Rocky',)	('Rocky',)
('somedonkus',)	('somedonkus',)
('Dooku',)	('1430 | Dooku',)
('Jurjester',)	('Mr | Jurjester',)
('Jester',)	('Jester',)
('Pablo',)	('Pablo',)
('BINGUS2',)	('BINGUS2',)
('dervid',)	('dervid',)
('Dusky',)	('Dusky',)
('Icy',)	('Icy',)
('TSB Jester',)	('Jester | TSB Jester',)
('Shadawn',)	('Shadawn',)
('Soda.Chip',)	('Soda.Chip',)
('Mega',)	('Mega',)
('Approvedc',)	('Approvedc',)
('Kaikainakat',)	('KaikainaKat',)
('same',)	('same',)
('jomb',)	('jomb',)
('jshot',)	('jshot',)
('Maestro',)	('Maestro',)
('bubs',)	('bubs',)
('FrogeInJar',)	('FrogeInJar',)
('NinjaBoob',)	('NinjaBoob',)
('Soap',)	('Soap',)
('Swass',)	('Swass',)
('YOGAB',)	('YOGAB',)
('Cal',)	('Cal',)
('ORAForce1',)	('ORAForce1',)
('slobuckets',)	('slobuckets',)
('Zay',)	('Team Rocket | Zay',)
('Poncho',)	('Poncho',)
('Ethan_5_',)	('Ethan_5_',)
('LOU',)	('LOU',)
('MeteorBarrage',)	('MeteorBarrage',)
('TES',)	('TES',)
('CDJ',)	('CDJ',)
('Ryoksos',)	('Ryoksos',)
('SonTamale',)	('SonTamale',)
('Dungeon Connor',)	('Dungeon Connor',)
('JGoose',)	('JGoose',)
('joey',)	('Joey',)
('Nordic bard',)	('Nordic bard',)
('BHHS',)	('BHHS',)
('Bloopy',)	('Bloopy',)
('Luxrayrulez',)	('Luxrayrulez',)
('Danford',)	('Danford',)
('Kracken',)	('Kracken',)
('L0ZER',)	('42 | L0ZER',)
('mattias',)	('mattias',)
('Lord Plim',)	('BOWU | Lord Plim',)
('Diabl0',)	('Diabl0',)
('KA$H',)	('KA$H',)
('Mikeknight',)	('Mikeknight',)
('Bavier',)	('Bavier',)
('Faun',)	('Faun',)
('Kuch',)	('Kuch',)
('ProRoboNinja',)	('ProRoboNinja',)
('NickD',)	('NickD',)
('Octoling',)	('Octoling',)
('CLAPP',)	('CLAPP',)
('E-Money',)	('CSP | E-Money',)
('Fox',)	('Fox',)
('SamCWill',)	('SamCWill',)
('Dani',)	('Dani',)
('Dooz',)	('Dooz',)
('Gab',)	('Gab',)
('RedLion19',)	('0-2 | RedLion19',)
('Jolteon Dreamer',)	('Jolteon Dreamer',)
('Teejismyname',)	('Teejismyname',)
('B00ber_Man',)	('B00ber_Man',)
('KonVict',)	('KonVict',)
('Soph',)	('Soph',)
('7even',)	('7even',)
('Bary John',)	('Bary John',)
('Kai',)	('Kai',)
('Louii',)	('Louii (CASTER)',)
('Hamalak',)	('MNT | Hamalak',)
('Bnizzlett',)	('Bnizzlett',)
('data 2',)	('Data 2',)
('Animedurag',)	('Animedurag',)
('OnlyFalcos',)	('OnlyFalcos',)
('pugg',)	('pugg',)
('ItsSunsett',)	('ItsSunsett',)
('Ethan',)	('Ethan',)
('Jonastty',)	('Jonastty',)
('Augustus',)	('Augustus',)
('Hunterb0915',)	('Hunterb0915',)
('Noice',)	('Noice',)
('Scorpiax',)	('Scorpiax',)
('crowboar',)	('crowboar',)
('Scarrien',)	('Scarrien',)
('WickyDubs',)	('WickyDubs',)
('3G5',)	('3G5',)
('Brain Delicious',)	('Brian Delicious',)
('Dusha;p',)	('Dusha;p',)
('I.Zee',)	('I.Zee',)
('TheBigJut',)	('TheBigJut',)
('BeMusty',)	('BeMusty',)
('cade',)	('cade',)
('Ghost',)	('Ghost',)
('HAZY',)	('HAZY',)
('DIWY',)	('DIWY',)
('acmccumbers',)	('acmccumbers',)
('andywoohoo',)	('andywoohoo',)
('Thouxan',)	('Thouxan',)
('Brampboy',)	('Brampboy',)
('Kallen',)	('Kallen',)
('bunbun',)	('bunbun',)
('Nagoob',)	('Nagoob',)
('smkybear15',)	('smkybear15',)
('Brekkm',)	('Brekkm',)
('Cheez',)	('Cheez',)
('Duncanlomp',)	('Duncanlomp',)
('Claptain',)	('Claptain',)
('Bablo',)	('Bablo',)
('Equinox',)	('GDS | Equinox',)
('Big-Al',)	('Big-Al',)
('LeBowlinFan',)	('LeBowlinFan',)
('Lynn',)	('Lynn',)
('Bowie124',)	('POOP | Bowie124',)
('Ryan',)	('Ryan',)
('Torelly',)	('Torelly',)
('Yoom-Tah',)	('Yoom-Tah',)
('Fee',)	('Fee',)
('Jeff',)	('Jeff',)
('Ksh3rd',)	('Kshr3d',)
('MemeLord',)	('MemeLord',)
('Kevin',)	('Kevin',)
('Tephers',)	('Tephers',)
('H3aliX',)	('H3aliX',)
